{"features": ["Open", "High", "Low", "Volume", "Prev Close", "MA5", "MA10", "MA20", "MA50", "Close_lag1", "Close_lag2", "Close_lag3", "Close_lag5", "Close_lag10", "Daily_Return", "Price_Range", "Open_Close_Diff", "EMA12", "EMA26", "MACD", "Volatility_10", "RSI14", "Year", "Month", "DayOfWeek"], "train_size": 4205, "test_size": 1052, "n_estimators": 500, "learning_rate": 0.05, "max_depth": 6, "model_name": "XGBoostRegressor", "feature_importance": [["High", 0.6855131387710571], ["Low", 0.2517893314361572], ["Open", 0.032349392771720886], ["Close_lag1", 0.020313851535320282], ["MA5", 0.004225136712193489], ["Prev Close", 0.003594841342419386], ["EMA12", 0.0012335124192759395], ["MA20", 0.0003446326300036162], ["Open_Close_Diff", 0.0001485625543864444], ["EMA26", 0.00011067089508287609]]}